destination_id,name,description,url,image[0].url,address.addr1,address.city,address.region,address.country,address.postal_code,neighborhood[0],latitude,longitude,type,types,price,currency
afterwork-med-relax,Afterwork med relax,"Upplev en skön after work varje onsdag hos oss. Paketet inkluderar entré, badrock, tofflor, handduk, en smakrik kycklingwrap för endast 249 SEK/person.",https://www.hotelskansen.com/paket/afterwork-med-relax/,https://viva-media.github.io/hotelskansen-feed/images/afterwork-med-relax.jpg,Tingshusgatan 1,Färjestaden,Kalmar län,SE,386 30,Öland,56.64897,16.46713,Hotel,Hotel,249 SEK,SEK
golfpaket,Golfpaket,"Upplev det ultimata golfpaketet på Öland med Hotel Skansen: Spela på Saxnäs GK. Inkluderar greenfee, övernattning, mousserande vin och gourmetmiddagar.",https://www.hotelskansen.com/paket/golfpaket/,https://viva-media.github.io/hotelskansen-feed/images/golfpaket.jpg,Tingshusgatan 1,Färjestaden,Kalmar län,SE,386 30,Öland,56.64897,16.46713,Hotel,Hotel,1640 SEK,SEK
halvdag-1,Dagsmys,"Njut av en halvdagsvistelse för 715 SEK/person, som inkluderar badrock, handduk, tofflor, entré till relaxen, lunch och en 25-minuters behandling.",https://www.hotelskansen.com/paket/halvdag-1/,https://viva-media.github.io/hotelskansen-feed/images/halvdag-1.jpg,Tingshusgatan 1,Färjestaden,Kalmar län,SE,386 30,Öland,56.64897,16.46713,Hotel,Hotel,715 SEK,SEK
kvallsmys-50-min,Kvällslyx,"Lyxigt Kvällsmys 2 för 1150 kr/person: Inkluderar badrock, handduk, tofflor, relaxentré, välkomstdrink, 2-rätters middag och 50 min valfri behandling.",https://www.hotelskansen.com/paket/kvallsmys-50-min/,https://viva-media.github.io/hotelskansen-feed/images/kvallsmys-50-min.jpg,Tingshusgatan 1,Färjestaden,Kalmar län,SE,386 30,Öland,56.64897,16.46713,Hotel,Hotel,1150 SEK,SEK
mandagsspa-for-seniorer,Seniorspa,"Måndagsspa för seniorer: Tillgång till relax, inklusive handduk och lunch, för 280 kr/person. Njut av en avkopplande dag mellan 09.00-15.00.",https://www.hotelskansen.com/paket/mandagsspa-for-seniorer/,https://viva-media.github.io/hotelskansen-feed/images/mandagsspa-for-seniorer.jpg,Tingshusgatan 1,Färjestaden,Kalmar län,SE,386 30,Öland,56.64897,16.46713,Hotel,Hotel,280 SEK,SEK
midsommarpaketet,Midsommarpaket,"Fira midsommar på Öland med vårt Midsommarpaket: Njut av midsommarkaka, 3-rätters middag och härlig atmosfär. Perfekt för familjer och vänner.",https://www.hotelskansen.com/paket/midsommarpaketet/,https://viva-media.github.io/hotelskansen-feed/images/midsommarpaketet.jpg,Tingshusgatan 1,Färjestaden,Kalmar län,SE,386 30,Öland,56.64897,16.46713,Hotel,Hotel,850 SEK,SEK
minisemester-3-natter,Minisemester 3 nätter,"Unna dig en tre-dagars minisemester på Öland och låt vardagsstressen sväva bort. Lyxiga tvårätters middagar, bubblande välkomstdrinkar och SPA.",https://www.hotelskansen.com/paket/minisemester-3-natter/,https://viva-media.github.io/hotelskansen-feed/images/minisemester-3-natter.jpg,Tingshusgatan 1,Färjestaden,Kalmar län,SE,386 30,Öland,56.64897,16.46713,Hotel,Hotel,1500 SEK,SEK
mohippa-svensexa-kompisgang-foretagshang,Spapaket för grupper,"Fira med vänner eller kollegor i vår relaxavdelning. Inkluderar badrock, handduk, tofflor, 1 dryck och snacks fr. 580 kr/person. För grupper om minst 5.",https://www.hotelskansen.com/paket/mohippa-svensexa-kompisgang-foretagshang/,https://viva-media.github.io/hotelskansen-feed/images/mohippa-svensexa-kompisgang-foretagshang.jpg,Tingshusgatan 1,Färjestaden,Kalmar län,SE,386 30,Öland,56.64897,16.46713,Hotel,Hotel,580 SEK,SEK
mord-mystik,Mord & Mystik,"Middagsmordet 10 oktober Den populära mordgåtan är tillbaka! Den 10 oktober är ni välkomna till en klassisk mordhistoria på hotellet. Festdeltagarna samlas, champagneglasen klingar och du befinner dig i händelsernas centrum. Framfört av professionella skådespelare från Loungeteatern kommer du tas med på en middagsmordgåta som du sent kommer att glömma. Vem har mördats och vem [&hellip;]",https://www.hotelskansen.com/paket/mord-mystik/,https://viva-media.github.io/hotelskansen-feed/images/mord-mystik.jpg,Tingshusgatan 1,Färjestaden,Kalmar län,SE,386 30,Öland,56.64897,16.46713,Hotel,Hotel,1750 SEK,SEK
morgonmys,Morgonmys,"En Perfekt Start på Dagen Ge dig själv en paus från vardagen med vårt exklusiva spapaket Morgonmys. Börja dagen på bästa sätt med en härlig frukost och fortsätt sedan njuta av en rofylld förmiddag i vår relaxavdelning – det perfekta sättet att ladda upp med ny energi. I paketet ingår: Frukostbuffé (på vardagar serveras den 6.30-09.30, [&hellip;]",https://www.hotelskansen.com/paket/morgonmys/,https://viva-media.github.io/hotelskansen-feed/images/morgonmys.jpg,Tingshusgatan 1,Färjestaden,Kalmar län,SE,386 30,Öland,56.64897,16.46713,Hotel,Hotel,349 SEK,SEK
nyar,Nyår,"Skåla in 2027 tillsammans med oss! Fira nyårsafton på bästa sätt – tillsammans. Vi lämnar det gamla året bakom oss, summerar och blickar framåt mot ett nytt, spännande år. Checka in och njut av tillvaron utan stress och måsten under ett dygn hos oss på Hotel Skansen med vårt nyårspaket. Gör ditt nyårfirande på Öland [&hellip;]",https://www.hotelskansen.com/paket/nyar/,https://viva-media.github.io/hotelskansen-feed/images/nyar.jpg,Tingshusgatan 1,Färjestaden,Kalmar län,SE,386 30,Öland,56.64897,16.46713,Hotel,Hotel,2745 SEK,SEK
skansenpaket,Skansenpaket,"Upplev Skansenpaketet på Hotel Skansen. Njut av en natt med lyxigt boende, mousserande vin, trerätters middag, och Ölands charm.",https://www.hotelskansen.com/paket/skansenpaket/,https://viva-media.github.io/hotelskansen-feed/images/skansenpaket.jpg,Tingshusgatan 1,Färjestaden,Kalmar län,SE,386 30,Öland,56.64897,16.46713,Hotel,Hotel,1295 SEK,SEK
skona-sondag,Sköna söndag,"Njut av en skön söndag på Hotel Skansen. Inkluderar tillgång till relax, sen utcheckning, välkomstdrink, 2-rätters middag, och frukost.",https://www.hotelskansen.com/paket/skona-sondag/,https://viva-media.github.io/hotelskansen-feed/images/skona-sondag.jpg,Tingshusgatan 1,Färjestaden,Kalmar län,SE,386 30,Öland,56.64897,16.46713,Hotel,Hotel,1110 SEK,SEK
spa-paket-halvdag-2,Dagslyx,"Skäm bort dig med en lyxig halvdag för 1045 SEK/person, inklusive lån av badrock, handduk, tofflor och entré till vår relax, 50-minuters behandling och lunch.",https://www.hotelskansen.com/paket/spa-paket-halvdag-2/,https://viva-media.github.io/hotelskansen-feed/images/spa-paket-halvdag-2.jpg,Tingshusgatan 1,Färjestaden,Kalmar län,SE,386 30,Öland,56.64897,16.46713,Hotel,Hotel,1045 SEK,SEK
spa-paket-heldag-ma-bra,Heldag må bra,"Njut av en heldag som får dig att må bra för 1295 kr/person. Inkluderar badrock, handduk, tofflor, tillgång till vår relax, lunch, och två 25-minuters behandlingar.",https://www.hotelskansen.com/paket/spa-paket-heldag-ma-bra/,https://viva-media.github.io/hotelskansen-feed/images/spa-paket-heldag-ma-bra.jpg,Tingshusgatan 1,Färjestaden,Kalmar län,SE,386 30,Öland,56.64897,16.46713,Hotel,Hotel,1295 SEK,SEK
spa-paket-kvallsmys-25-min,Kvällsmys,"Unna dig en avkopplande myskväll för 950 kr/person. Inkluderar lån av badrock, handduk, tofflor, relax, välkomstdrink, 2-rätters middag och 25 min behandling.",https://www.hotelskansen.com/paket/spa-paket-kvallsmys-25-min/,https://viva-media.github.io/hotelskansen-feed/images/spa-paket-kvallsmys-25-min.jpg,Tingshusgatan 1,Färjestaden,Kalmar län,SE,386 30,Öland,56.64897,16.46713,Hotel,Hotel,950 SEK,SEK
spa-paket-lycka,Spapaket Lycka,"Unna dig Spapaket Lycka på Hotel Skansen. Avkoppling med mousserande, spabehandling och trerättersmiddag. Upplev Ölands pärlor och vårt relaxområde.",https://www.hotelskansen.com/paket/spa-paket-lycka/,https://viva-media.github.io/hotelskansen-feed/images/spa-paket-lycka.jpg,Tingshusgatan 1,Färjestaden,Kalmar län,SE,386 30,Öland,56.64897,16.46713,Hotel,Hotel,2405 SEK,SEK
spaentre-med-lunch,Spaentré med/utan lunch,"Välj spaentré med eller utan lunch. Inkluderar badrock, handduk, tofflor och relax. Priser från 320 kr. Lunchtillägg möjligt, serveras 11.30-15.30.",https://www.hotelskansen.com/paket/spaentre-med-lunch/,https://viva-media.github.io/hotelskansen-feed/images/spaentre-med-lunch.jpg,Tingshusgatan 1,Färjestaden,Kalmar län,SE,386 30,Öland,56.64897,16.46713,Hotel,Hotel,320 SEK,SEK
tingshuspaket,Tingshuspaket,"Tingshuspaketet– weekend hela veckan. Lämna vardagsstressen hemma och låta oss ta hand om er. Njut av en eftermiddag i vår relaxavdelning och avsluta kvällen med ett glas mousserande vin och en trerätters middag i vår restaurang. Vakna utvilad efter en ta god natts sömn startar ni dagen med vår populära frukostbuffé! Dag 1 Tillgång till [&hellip;]",https://www.hotelskansen.com/paket/tingshuspaket/,https://viva-media.github.io/hotelskansen-feed/images/tingshuspaket.jpg,Tingshusgatan 1,Färjestaden,Kalmar län,SE,386 30,Öland,56.64897,16.46713,Hotel,Hotel,1510 SEK,SEK
vinprovningspaket,Vinprovningspaket,"En vistelse där du får upptäcka nya viner hos oss på Öland. Välkommen till Hotel Skansen och ett fulländat dygn i vinets tecken! Vår kunniga provningsledare tar med er på en smakupplevelse utöver det vanliga – både för nybörjare och vinfantaster. Kvällen avslutas med en härlig middag i någon av våra matsalar. Efter en god [&hellip;]",https://www.hotelskansen.com/paket/vinprovningspaket/,https://viva-media.github.io/hotelskansen-feed/images/vinprovningspaket.jpg,Tingshusgatan 1,Färjestaden,Kalmar län,SE,386 30,Öland,56.64897,16.46713,Hotel,Hotel,1930 SEK,SEK
whiskypaket,Whiskypaket,"Upptäck whiskyns värld med Hotel Skansen. Whiskyprovning i en av världens största whiskykällare, övernattning, gourmetmiddag och frukostbuffé.",https://www.hotelskansen.com/paket/whiskypaket/,https://viva-media.github.io/hotelskansen-feed/images/whiskypaket.jpg,Tingshusgatan 1,Färjestaden,Kalmar län,SE,386 30,Öland,56.64897,16.46713,Hotel,Hotel,1750 SEK,SEK
