id,title,description,availability,condition,price,link,image_link,brand,custom_label_0
afterwork-med-relax,Afterwork med relax,"Upplev en skön after work varje onsdag hos oss. Paketet inkluderar entré, badrock, tofflor, handduk, en smakrik kycklingwrap för endast 249 SEK/person.",in stock,new,249 SEK,https://www.hotelskansen.com/paket/afterwork-med-relax/,https://viva-media.github.io/hotelskansen-feed/images/afterwork-med-relax.jpg,Hotel Skansen,Övernattningspaket
golfpaket,Golfpaket,"Upplev det ultimata golfpaketet på Öland med Hotel Skansen: Spela på Saxnäs GK. Inkluderar greenfee, övernattning, mousserande vin och gourmetmiddagar.",in stock,new,1640 SEK,https://www.hotelskansen.com/paket/golfpaket/,https://viva-media.github.io/hotelskansen-feed/images/golfpaket.jpg,Hotel Skansen,Övernattningspaket
halvdag-1,Dagsmys,"Njut av en halvdagsvistelse för 715 SEK/person, som inkluderar badrock, handduk, tofflor, entré till relaxen, lunch och en 25-minuters behandling.",in stock,new,715 SEK,https://www.hotelskansen.com/paket/halvdag-1/,https://viva-media.github.io/hotelskansen-feed/images/halvdag-1.jpg,Hotel Skansen,Övernattningspaket
julbordspaket,Julbordspaket,"Ladda upp med julkänsla hos oss! Checka in hos oss på Hotel Skansen och njut av tillvaron med julstämning, glögg och god mat. Precis som vanligt i juletid så dukas vårt fantastiska julbord upp i bistron – ett populärt inslag på Öland, nära Kalmar. Kombinera jultraditionen med att upptäcka några av Ölands pärlor eller koppla [&hellip;]",in stock,new,1635 SEK,https://www.hotelskansen.com/paket/julbordspaket/,https://viva-media.github.io/hotelskansen-feed/images/julbordspaket.jpg,Hotel Skansen,Övernattningspaket
kvallsmys-50-min,Kvällslyx,"Lyxigt Kvällsmys 2 för 1150 kr/person: Inkluderar badrock, handduk, tofflor, relaxentré, välkomstdrink, 2-rätters middag och 50 min valfri behandling.",in stock,new,1150 SEK,https://www.hotelskansen.com/paket/kvallsmys-50-min/,https://viva-media.github.io/hotelskansen-feed/images/kvallsmys-50-min.jpg,Hotel Skansen,Övernattningspaket
lille-julafton,Lille-julafton,"Dagen för julafton – lille-julafton! Upplev den 23 december på bästa sätt hos oss på Hotel Skansen i Färjestaden, Öland – en perfekt paus innan julens alla festligheter. Låt lugnet infinna sig i vårt spa, koppla av i vår nya varma utomhuspool, ta ett dopp i inomhuspoolen eller njut av värmen i bastun. Välj det [&hellip;]",in stock,new,470 SEK,https://www.hotelskansen.com/paket/lille-julafton/,https://viva-media.github.io/hotelskansen-feed/images/lille-julafton.jpg,Hotel Skansen,Övernattningspaket
mandagsspa-for-seniorer,Seniorspa,"Måndagsspa för seniorer: Tillgång till relax, inklusive handduk och lunch, för 280 kr/person. Njut av en avkopplande dag mellan 09.00-15.00.",in stock,new,280 SEK,https://www.hotelskansen.com/paket/mandagsspa-for-seniorer/,https://viva-media.github.io/hotelskansen-feed/images/mandagsspa-for-seniorer.jpg,Hotel Skansen,Övernattningspaket
mellandagsmys,Mellandagsmys,"25 – 30 december & 1 – 10 januari Koppla av och mys hos oss på Öland i mellandagarna! Checka in och njut av tillvaron utan stress och måsten, koppla av i vår relaxavdelning med bad, bastu och varm utomhuspool. Därefter serverar vi er en tvårättersmiddag tillsammans med ett glas mousserande vin. Efter en god [&hellip;]",in stock,new,1300 SEK,https://www.hotelskansen.com/paket/mellandagsmys/,https://viva-media.github.io/hotelskansen-feed/images/mellandagsmys.jpg,Hotel Skansen,Övernattningspaket
minisemester-3-natter,Minisemester 3 nätter,"Unna dig en tre-dagars minisemester på Öland och låt vardagsstressen sväva bort. Lyxiga tvårätters middagar, bubblande välkomstdrinkar och SPA.",in stock,new,1500 SEK,https://www.hotelskansen.com/paket/minisemester-3-natter/,https://viva-media.github.io/hotelskansen-feed/images/minisemester-3-natter.jpg,Hotel Skansen,Övernattningspaket
mohippa-svensexa-kompisgang-foretagshang,Spapaket för grupper,"Fira med vänner eller kollegor i vår relaxavdelning. Inkluderar badrock, handduk, tofflor, 1 dryck och snacks fr. 580 kr/person. För grupper om minst 5.",in stock,new,580 SEK,https://www.hotelskansen.com/paket/mohippa-svensexa-kompisgang-foretagshang/,https://viva-media.github.io/hotelskansen-feed/images/mohippa-svensexa-kompisgang-foretagshang.jpg,Hotel Skansen,Övernattningspaket
mord-mystik,Mord & Mystik,"Boka Mord & Mystik med övernattning på Öland. Njut av middag, mordgåta, hotellfrukost och en annorlunda upplevelse fylld av dramatik.",in stock,new,1750 SEK,https://www.hotelskansen.com/paket/mord-mystik/,https://viva-media.github.io/hotelskansen-feed/images/mord-mystik.jpg,Hotel Skansen,Övernattningspaket
morgonmys,Morgonmys,"Starta dagen med frukost och spa på Öland. Morgonmys ger dig en rofylld förmiddag med relax, badrock och tid att bara koppla av.",in stock,new,349 SEK,https://www.hotelskansen.com/paket/morgonmys/,https://viva-media.github.io/hotelskansen-feed/images/morgonmys.jpg,Hotel Skansen,Övernattningspaket
nyar,Nyår,"Fira nyår på Öland med hotell, festmiddag och en kväll att minnas. Checka in, koppla av och skåla in det nya året tillsammans på Hotel Skansen.",in stock,new,2745 SEK,https://www.hotelskansen.com/paket/nyar/,https://viva-media.github.io/hotelskansen-feed/images/nyar.jpg,Hotel Skansen,Övernattningspaket
nyarsdoppet,Nyårsdoppet,"Nyårsbada i Kalmarsund med oss! Upplev morgonen den 1 januari på bästa sätt hos oss på Hotel Skansen i Färjestaden, Öland – en perfekt början på det nya året fylld av frisk havsluft, spa-avkoppling och gemenskap. Låt kroppen vakna i värmen från vår relaxavdelning, känn pirret inför doppet i sundet eller stanna kvar och bara [&hellip;]",in stock,new,299 SEK,https://www.hotelskansen.com/paket/nyarsdoppet/,https://viva-media.github.io/hotelskansen-feed/images/nyarsdoppet.jpg,Hotel Skansen,Övernattningspaket
skansenpaket,Skansenpaket,"Upplev Skansenpaketet på Hotel Skansen. Njut av en natt med lyxigt boende, mousserande vin, trerätters middag, och Ölands charm.",in stock,new,1295 SEK,https://www.hotelskansen.com/paket/skansenpaket/,https://viva-media.github.io/hotelskansen-feed/images/skansenpaket.jpg,Hotel Skansen,Övernattningspaket
skona-sondag,Sköna söndag,"Njut av en skön söndag på Hotel Skansen. Inkluderar tillgång till relax, sen utcheckning, välkomstdrink, 2-rätters middag, och frukost.",in stock,new,1110 SEK,https://www.hotelskansen.com/paket/skona-sondag/,https://viva-media.github.io/hotelskansen-feed/images/skona-sondag.jpg,Hotel Skansen,Övernattningspaket
spa-paket-halvdag-2,Dagslyx,"Skäm bort dig med en lyxig halvdag för 1045 SEK/person, inklusive lån av badrock, handduk, tofflor och entré till vår relax, 50-minuters behandling och lunch.",in stock,new,1045 SEK,https://www.hotelskansen.com/paket/spa-paket-halvdag-2/,https://viva-media.github.io/hotelskansen-feed/images/spa-paket-halvdag-2.jpg,Hotel Skansen,Övernattningspaket
spa-paket-heldag-ma-bra,Heldag må bra,"Njut av en heldag som får dig att må bra för 1295 kr/person. Inkluderar badrock, handduk, tofflor, tillgång till vår relax, lunch, och två 25-minuters behandlingar.",in stock,new,1295 SEK,https://www.hotelskansen.com/paket/spa-paket-heldag-ma-bra/,https://viva-media.github.io/hotelskansen-feed/images/spa-paket-heldag-ma-bra.jpg,Hotel Skansen,Övernattningspaket
spa-paket-kvallsmys-25-min,Kvällsmys,"Unna dig en avkopplande myskväll för 950 kr/person. Inkluderar lån av badrock, handduk, tofflor, relax, välkomstdrink, 2-rätters middag och 25 min behandling.",in stock,new,950 SEK,https://www.hotelskansen.com/paket/spa-paket-kvallsmys-25-min/,https://viva-media.github.io/hotelskansen-feed/images/spa-paket-kvallsmys-25-min.jpg,Hotel Skansen,Övernattningspaket
spa-paket-lycka,Spapaket Lycka,"Unna dig Spapaket Lycka på Hotel Skansen. Avkoppling med mousserande, spabehandling och trerättersmiddag. Upplev Ölands pärlor och vårt relaxområde.",in stock,new,2405 SEK,https://www.hotelskansen.com/paket/spa-paket-lycka/,https://viva-media.github.io/hotelskansen-feed/images/spa-paket-lycka.jpg,Hotel Skansen,Övernattningspaket
spaentre-med-lunch,Spaentré med/utan lunch,"Välj spaentré med eller utan lunch. Inkluderar badrock, handduk, tofflor och relax. Priser från 320 kr. Lunchtillägg möjligt, serveras 11.30-15.30.",in stock,new,320 SEK,https://www.hotelskansen.com/paket/spaentre-med-lunch/,https://viva-media.github.io/hotelskansen-feed/images/spaentre-med-lunch.jpg,Hotel Skansen,Övernattningspaket
tingshuspaket,Tingshuspaket,"Tingshuspaketet– weekend hela veckan. Lämna vardagsstressen hemma och låta oss ta hand om er. Njut av en eftermiddag i vår relaxavdelning och avsluta kvällen med ett glas mousserande vin och en trerätters middag i vår restaurang. Vakna utvilad efter en ta god natts sömn startar ni dagen med vår populära frukostbuffé! Dag 1 Tillgång till [&hellip;]",in stock,new,1510 SEK,https://www.hotelskansen.com/paket/tingshuspaket/,https://viva-media.github.io/hotelskansen-feed/images/tingshuspaket.jpg,Hotel Skansen,Övernattningspaket
vinprovningspaket,Vinprovningspaket,"En vistelse där du får upptäcka nya viner hos oss på Öland. Välkommen till Hotel Skansen och ett fulländat dygn i vinets tecken! Vår kunniga provningsledare tar med er på en smakupplevelse utöver det vanliga – både för nybörjare och vinfantaster. Kvällen avslutas med en härlig middag i någon av våra matsalar. Efter en god [&hellip;]",in stock,new,1930 SEK,https://www.hotelskansen.com/paket/vinprovningspaket/,https://viva-media.github.io/hotelskansen-feed/images/vinprovningspaket.jpg,Hotel Skansen,Övernattningspaket
whiskypaket,Whiskypaket,"Upptäck whiskyns värld med Hotel Skansen. Whiskyprovning i en av världens största whiskykällare, övernattning, gourmetmiddag och frukostbuffé.",in stock,new,1750 SEK,https://www.hotelskansen.com/paket/whiskypaket/,https://viva-media.github.io/hotelskansen-feed/images/whiskypaket.jpg,Hotel Skansen,Övernattningspaket
